{
  "Buenos Aires": [
    "Avellaneda",
    "Azul",
    "Bahía Blanca",
    "Bánfield",
    "Berazategui",
    "Berisso",
    "Bernal",
    "Campana",
    "Cañuelas",
    "Carmen de Patagones",
    "Caseros",
    "Chivilcoy",
    "Ciudadela",
    "Dock Sud",
    "Don Torcuato",
    "El Palomar",
    "Escobar",
    "Ezeiza",
    "Florencio Varela",
    "General Pacheco",
    "General Pueyrredón",
    "General Rodríguez",
    "General San Martín",
    "Gerli",
    "Glew",
    "Haedo",
    "Hurlingham",
    "Ituzaingó",
    "José C. Paz",
    "José León Suárez",
    "Junín",
    "La Matanza",
    "La Plata",
    "Lanús",
    "Llavallol",
    "Lomas de Zamora",
    "Longchamps",
    "Los Polvorines",
    "Luján",
    "Mar del Plata",
    "Marcos Paz",
    "Mercedes",
    "Merlo",
    "Monte Grande",
    "Moreno",
    "Morón",
    "Munro",
    "Necochea",
    "Olivos",
    "Olavarría",
    "Pablo Podestá",
    "Pergamino",
    "Pilar",
    "Quilmes",
    "Rafael Castillo",
    "Ramos Mejía",
    "Remedios de Escalada",
    "Saladillo",
    "San Fernando",
    "San Isidro",
    "San Justo",
    "San Miguel",
    "San Nicolás",
    "San Vicente",
    "Santos Lugares",
    "Sarandí",
    "Tandil",
    "Temperley",
    "Tigre",
    "Tres de Febrero",
    "Turdera",
    "Vicente López",
    "Villa Adelina",
    "Villa Ballester",
    "Villa Bosch",
    "Villa Celina",
    "Villa Constitución",
    "Villa Diamante",
    "Villa Domínico",
    "Villa Fiorito",
    "Villa Gesell",
    "Villa Luzuriaga",
    "Villa Madero",
    "Villa Maipú",
    "Villa Martelli",
    "Villa Sarmiento",
    "Villa Tesei",
    "Zárate"
  ],
  "CABA": [
    "Agronomía",
    "Almagro",
    "Balvanera",
    "Barracas",
    "Belgrano",
    "Boedo",
    "Caballito",
    "Chacarita",
    "Coghlan",
    "Colegiales",
    "Constitución",
    "Flores",
    "Floresta",
    "La Boca",
    "Liniers",
    "Mataderos",
    "Monte Castro",
    "Monserrat",
    "Nueva Pompeya",
    "Núñez",
    "Palermo",
    "Parque Avellaneda",
    "Parque Chacabuco",
    "Parque Chas",
    "Parque Patricios",
    "Puerto Madero",
    "Recoleta",
    "Retiro",
    "Saavedra",
    "San Cristóbal",
    "San Nicolás",
    "San Telmo",
    "Vélez Sarsfield",
    "Versalles",
    "Villa Crespo",
    "Villa del Parque",
    "Villa Devoto",
    "Villa General Mitre",
    "Villa Lugano",
    "Villa Luro",
    "Villa Ortúzar",
    "Villa Pueyrredón",
    "Villa Real",
    "Villa Riachuelo",
    "Villa Santa Rita",
    "Villa Soldati",
    "Villa Urquiza"
  ],
  "Catamarca": [
    "Andalgalá",
    "Belén",
    "Capayán",
    "Fiambalá",
    "Hualfín",
    "La Puerta",
    "Londres",
    "Recreo",
    "San Fernando del Valle de Catamarca",
    "Santa María",
    "Tinogasta",
    "Valle Viejo"
  ],
  "Chaco": [
    "Barranqueras",
    "Charata",
    "General San Martín",
    "Presidencia Roque Sáenz Peña",
    "Quitilipi",
    "Resistencia",
    "Villa Ángela"
  ],
  "Chubut": [
    "Comodoro Rivadavia",
    "Dolavon",
    "Esquel",
    "Gaiman",
    "Puerto Madryn",
    "Rawson",
    "Sarmiento",
    "Trelew",
    "Trevelin"
  ],
  "Córdoba": [
    "Alta Gracia",
    "Bell Ville",
    "Colonia Caroya",
    "Córdoba",
    "Cruz del Eje",
    "Deán Funes",
    "Jesús María",
    "La Calera",
    "La Falda",
    "Laboulaye",
    "Marcos Juárez",
    "Mina Clavero",
    "Río Ceballos",
    "Río Cuarto",
    "Río Tercero",
    "San Francisco",
    "Unquillo",
    "Villa Allende",
    "Villa Carlos Paz",
    "Villa Dolores",
    "Villa General Belgrano",
    "Villa María"
  ],
  "Corrientes": [
    "Bella Vista",
    "Corrientes",
    "Curuzú Cuatiá",
    "Esquina",
    "Goya",
    "Ituzaingó",
    "Libres",
    "Mercedes",
    "Monte Caseros",
    "Paso de los Libres",
    "Saladas",
    "Santo Tomé"
  ],
  "Entre Ríos": [
    "Chajarí",
    "Colón",
    "Concepción del Uruguay",
    "Concordia",
    "Diamante",
    "Federación",
    "Gualeguay",
    "Gualeguaychú",
    "La Paz",
    "Nogoyá",
    "Paraná",
    "Victoria",
    "Villaguay"
  ],
  "Formosa": [
    "Clorinda",
    "El Colorado",
    "Formosa",
    "Ibarreta",
    "Ingeniero Juárez",
    "Las Lomitas",
    "Pirané"
  ],
  "Jujuy": [
    "Abra Pampa",
    "Humahuaca",
    "La Quiaca",
    "Libertador General San Martín",
    "Palpalá",
    "Perico",
    "San Pedro",
    "San Salvador de Jujuy",
    "Tilcara"
  ],
  "La Pampa": [
    "Eduardo Castex",
    "General Acha",
    "General Pico",
    "Intendente Alvear",
    "Macachín",
    "Realicó",
    "Santa Rosa",
    "Toay",
    "Victorica"
  ],
  "La Rioja": [
    "Arauco",
    "Chamical",
    "Chilecito",
    "Famatina",
    "La Rioja",
    "Villa Unión"
  ],
  "Mendoza": [
    "General Alvear",
    "Godoy Cruz",
    "Guaymallén",
    "Las Heras",
    "Luján de Cuyo",
    "Maipú",
    "Malargüe",
    "Mendoza",
    "Rivadavia",
    "San Carlos",
    "San Martín",
    "San Rafael",
    "Tunuyán",
    "Tupungato"
  ],
  "Misiones": [
    "Apóstoles",
    "Aristóbulo del Valle",
    "Bernardo de Irigoyen",
    "Campo Grande",
    "Candelaria",
    "El Dorado",
    "Eldorado",
    "Garupá",
    "Jardín América",
    "Leandro N. Alem",
    "Oberá",
    "Posadas",
    "Puerto Iguazú",
    "Puerto Rico",
    "San Ignacio",
    "San Vicente",
    "Wanda"
  ],
  "Neuquén": [
    "Centenario",
    "Chos Malal",
    "Cutral Có",
    "Junín de los Andes",
    "Las Lajas",
    "Loncopué",
    "Neuquén",
    "Plottier",
    "San Martín de los Andes",
    "Senillosa",
    "Villa La Angostura",
    "Zapala"
  ],
  "Río Negro": [
    "Allen",
    "Bariloche",
    "Catriel",
    "Cervantes",
    "Chichinales",
    "Choele Choel",
    "Cipolletti",
    "Cinco Saltos",
    "El Bolsón",
    "General Conesa",
    "General Roca",
    "Ingeniero Jacobacci",
    "Luis Beltrán",
    "San Antonio Oeste",
    "San Carlos de Bariloche",
    "Sierra Grande",
    "Viedma",
    "Villa Regina"
  ],
  "Salta": [
    "Aguaray",
    "Cafayate",
    "Cerrillos",
    "General Güemes",
    "Joaquín V. González",
    "La Caldera",
    "Metán",
    "Orán",
    "Rosario de la Frontera",
    "Salta",
    "San José de Metán",
    "Tartagal"
  ],
  "San Juan": [
    "Albardón",
    "Calingasta",
    "Caucete",
    "Chimbas",
    "Jáchal",
    "Pocito",
    "Rawson",
    "Rivadavia",
    "San Juan",
    "Santa Lucía",
    "Valle Fértil",
    "Zonda"
  ],
  "San Luis": [
    "Juana Koslay",
    "La Punta",
    "Merlo",
    "San Luis",
    "Villa de Merlo",
    "Villa Mercedes"
  ],
  "Santa Cruz": [
    "Caleta Olivia",
    "El Calafate",
    "El Chaltén",
    "Las Heras",
    "Perito Moreno",
    "Pico Truncado",
    "Puerto Deseado",
    "Puerto San Julián",
    "Puerto Santa Cruz",
    "Río Gallegos",
    "Río Turbio"
  ],
  "Santa Fe": [
    "Armstrong",
    "Cañada de Gómez",
    "Capitán Bermúdez",
    "Casilda",
    "Ceres",
    "Esperanza",
    "Firmat",
    "Funes",
    "Gálvez",
    "Granadero Baigorria",
    "Rafaela",
    "Reconquista",
    "Rosario",
    "Rufino",
    "San Cristóbal",
    "San Javier",
    "San Jorge",
    "San Lorenzo",
    "Santa Fe",
    "Venado Tuerto",
    "Vera",
    "Villa Constitución",
    "Villa Gobernador Gálvez"
  ],
  "Santiago del Estero": [
    "Añatuya",
    "Fernández",
    "Frías",
    "La Banda",
    "Quimilí",
    "Santiago del Estero",
    "Termas de Río Hondo"
  ],
  "Tierra del Fuego": [
    "Río Grande",
    "Tolhuin",
    "Ushuaia"
  ],
  "Tucumán": [
    "Aguilares",
    "Alderetes",
    "Banda del Río Salí",
    "Concepción",
    "Famaillá",
    "Las Talitas",
    "Lules",
    "Monteros",
    "San Miguel de Tucumán",
    "Simoca",
    "Tafí Viejo",
    "Yerba Buena"
  ]
}
